time since start in seconds,Sensor on channel 0 Pressure (mbar),Sensor on channel 0 Temperature (C)
0,1040.53,22.62
120,1034.06,22.24
240,1028.22,21.88
360,1024.46,21.65
480,1021.56,21.48
600,1018.04,21.36
720,1015.30,21.26
840,1013.14,21.19
960,1010.96,21.13
1080,1009.20,21.09
1200,1007.58,21.06
1320,1005.96,21.02
1440,1004.56,20.99
1560,1003.58,20.97
1680,1002.42,20.93
1800,1001.54,20.92
1920,1000.44,20.88
2040,999.62,20.87
2160,999.14,20.85
2280,998.80,20.83
2400,998.06,20.81
2520,997.72,20.80
2640,997.14,20.79
2760,996.66,20.77
2880,996.06,20.74
3000,995.86,20.72
3120,995.64,20.71
3240,995.22,20.67
3360,994.98,20.65
3480,994.94,20.63
3600,994.34,20.62
3720,994.08,20.59
3840,993.88,20.57
3960,993.78,20.55
4080,993.40,20.53
4200,993.24,20.52
4320,992.82,20.51
4440,992.76,20.50
4560,993.02,20.49
4680,992.56,20.49
4800,992.30,20.47
4920,992.34,20.46
5040,992.30,20.44
5160,991.94,20.43
5280,991.78,20.42
5400,991.92,20.42
5520,991.84,20.44
5640,991.66,20.43
5760,991.58,20.42
5880,991.38,20.42
6000,991.24,20.40
6120,991.20,20.40
6240,991.26,20.41
6360,991.30,20.45
6480,991.38,20.48
6600,991.42,20.50
6720,991.40,20.51
6840,991.26,20.51
6960,991.30,20.48
7080,991.42,20.46
7200,991.18,20.45
7320,990.98,20.45
7440,990.96,20.45
7560,991.08,20.45
7680,990.94,20.43
7800,991.00,20.40
7920,990.88,20.39
8040,990.92,20.37
8160,990.76,20.35
8280,990.38,20.32
8400,990.40,20.28
8520,990.48,20.27
8640,990.26,20.23
8760,990.04,20.21
8880,990.04,20.18
9000,989.70,20.16
9120,989.66,20.13
9240,989.58,20.12
9360,989.40,20.11
9480,989.40,20.10
9600,989.04,20.09
9720,989.08,20.09
9840,989.08,20.07
9960,988.98,20.08
10080,988.88,20.07
10200,988.96,20.05
10320,988.78,20.06
10440,988.58,20.06
10560,988.50,20.06
10680,988.42,20.08
10800,988.28,20.09
10920,988.34,20.11
11040,988.76,20.11
11160,988.82,20.09
11280,988.56,20.08
11400,988.26,20.08
11520,988.14,20.07
11640,988.36,20.06
11760,988.46,20.06
11880,988.18,20.07
12000,988.10,20.06
12120,988.24,20.06
12240,988.22,20.06
12360,988.12,20.05
12480,988.04,20.04
12600,987.90,20.02
12720,987.86,20.01
12840,987.82,20.00
12960,987.70,20.00
13080,987.68,19.99
13200,987.70,19.99
13320,987.76,19.99
13440,987.70,20.00
13560,987.56,19.99
13680,987.32,19.98
13800,987.46,19.96
13920,987.44,19.96
14040,987.28,19.95
14160,987.24,19.94
14280,987.34,19.93
14400,987.32,19.94
14520,987.16,19.95
14640,987.36,19.98
14760,987.44,20.01
14880,987.42,20.03
15000,987.50,20.07
15120,987.62,20.12
15240,987.74,20.17
15360,988.00,20.22
15480,988.26,20.26
15600,988.54,20.30
15720,988.58,20.34
15840,988.62,20.38
15960,988.88,20.43
16080,989.00,20.47
16200,989.16,20.51
16320,989.22,20.54
16440,989.20,20.57
16560,989.22,20.59
16680,989.44,20.61
16800,989.46,20.63
16920,989.64,20.64
17040,989.70,20.66
17160,989.92,20.67
17280,990.00,20.69
17400,989.98,20.71
17520,990.02,20.72
17640,990.04,20.73
17760,990.08,20.73
17880,990.12,20.74
18000,990.12,20.76
18120,990.38,20.78
18240,990.46,20.78
18360,990.44,20.78
18480,990.50,20.76
18600,990.20,20.73
18720,990.32,20.69
18840,990.02,20.66
18960,990.04,20.60
19080,989.50,20.54
19200,989.56,20.50
19320,989.44,20.50
19440,989.38,20.46
19560,989.38,20.46
19680,989.36,20.45
19800,989.44,20.44
19920,989.06,20.42
20040,988.98,20.42
20160,988.84,20.41
20280,988.92,20.40
20400,989.08,20.39
20520,988.98,20.39
20640,988.74,20.37
20760,988.72,20.34
20880,988.70,20.37
21000,988.70,20.38
21120,988.82,20.36
21240,988.80,20.34
21360,988.80,20.36
21480,988.56,20.35
21600,988.46,20.33
21720,988.58,20.33
21840,988.68,20.35
21960,988.34,20.32
22080,988.40,20.32
22200,988.66,20.33
22320,988.50,20.34
22440,988.28,20.31
22560,988.06,20.29
22680,988.24,20.30
22800,988.12,20.29
22920,988.10,20.26
23040,988.00,20.27
23160,988.00,20.27
23280,988.04,20.25
23400,987.94,20.25
23520,987.86,20.25
23640,987.90,20.25
23760,987.70,20.23
23880,987.72,20.23
24000,987.88,20.25
24120,987.78,20.25
24240,987.54,20.22
24360,987.52,20.23
24480,987.30,20.24
24600,987.34,20.22
24720,987.26,20.21
24840,987.30,20.21
24960,987.10,20.18
25080,987.00,20.18
25200,987.18,20.18
25320,987.14,20.20
25440,987.20,20.18
25560,987.18,20.17
25680,987.08,20.15
25800,987.14,20.16
25920,987.10,20.17
26040,987.02,20.18
26160,987.02,20.17
26280,987.06,20.16
26400,986.78,20.14
26520,986.80,20.13
26640,986.74,20.14
26760,986.66,20.15
26880,986.78,20.15
27000,986.78,20.17
27120,986.56,20.18
27240,986.56,20.18
27360,986.76,20.19
27480,986.64,20.19
27600,986.66,20.19
27720,986.66,20.19
27840,986.78,20.21
27960,986.92,20.21
28080,986.80,20.20
28200,986.70,20.19
28320,986.68,20.20
28440,986.68,20.19
28560,986.62,20.19
28680,986.68,20.19
28800,986.60,20.21
28920,986.50,20.21
29040,986.64,20.22
29160,986.70,20.21
29280,986.60,20.23
29400,986.72,20.22
29520,986.76,20.22
29640,986.72,20.22
29760,986.64,20.22
29880,986.70,20.21
30000,986.72,20.23
30120,986.62,20.24
30240,986.62,20.23
30360,986.54,20.21
30480,986.52,20.19
30600,986.50,20.18
30720,986.44,20.18
30840,986.44,20.17
30960,986.52,20.17
31080,986.46,20.19
31200,986.40,20.20
31320,986.42,20.21
31440,986.26,20.21
31560,986.34,20.20
31680,986.16,20.20
31800,986.24,20.20
31920,986.34,20.19
32040,986.38,20.20
32160,986.36,20.20
32280,986.04,20.20
32400,986.06,20.19
32520,986.04,20.20
32640,986.18,20.20
32760,986.18,20.20
32880,986.02,20.18
33000,986.12,20.18
33120,986.00,20.15
33240,985.76,20.12
33360,985.60,20.10
33480,985.52,20.09
33600,985.30,20.07
33720,985.36,20.07
33840,985.36,20.07
33960,985.38,20.09
34080,985.40,20.09
34200,985.60,20.11
34320,985.48,20.11
34440,985.34,20.10
34560,985.12,20.10
34680,985.48,20.10
34800,985.36,20.11
34920,985.26,20.09
35040,985.24,20.06
35160,985.14,20.05
35280,985.18,20.04
35400,985.22,20.05
35520,985.10,20.05
35640,984.94,20.05
35760,984.88,20.05
35880,984.96,20.06
36000,984.94,20.06
36120,984.92,20.05
36240,984.74,20.03
36360,984.80,20.01
36480,984.58,20.00
36600,984.70,20.00
36720,984.82,20.02
36840,984.78,20.02
36960,984.68,20.05
37080,984.74,20.05
37200,984.76,20.08
37320,984.76,20.08
37440,984.80,20.07
37560,984.60,20.06
37680,984.64,20.06
37800,984.70,20.04
37920,984.72,20.06
38040,984.62,20.07
38160,984.72,20.08
38280,984.64,20.08
38400,984.70,20.10
38520,984.74,20.09
38640,984.66,20.11
38760,984.54,20.11
38880,984.52,20.11
39000,984.48,20.09
39120,984.68,20.10
39240,984.64,20.09
39360,984.54,20.09
39480,984.54,20.08
39600,984.72,20.09
39720,984.74,20.09
39840,984.78,20.10
39960,984.74,20.10
40080,984.66,20.10
40200,984.58,20.10
40320,984.60,20.09
40440,984.66,20.08
40560,984.72,20.08
40680,984.66,20.06
40800,984.64,20.09
40920,984.54,20.10
41040,984.66,20.10
41160,984.52,20.08
41280,984.56,20.07
41400,984.52,20.06
41520,984.56,20.06
41640,984.58,20.06
41760,984.48,20.07
41880,984.40,20.07
42000,984.66,20.09
42120,984.62,20.10
42240,984.52,20.10
42360,984.54,20.10
42480,984.50,20.10
42600,984.64,20.10
42720,984.54,20.11
42840,984.40,20.11
42960,984.24,20.08
43080,984.22,20.07
43200,984.14,20.05
43320,984.20,20.04
43440,984.28,20.04
43560,984.38,20.05
43680,984.16,20.04
43800,984.22,20.04
43920,984.06,20.03
44040,984.02,20.02
44160,984.12,20.01
44280,984.02,20.02
44400,983.80,20.01
44520,984.02,20.02
44640,984.00,20.01
44760,983.90,20.01
44880,983.88,20.00
45000,983.90,20.01
45120,984.06,20.01
45240,983.76,20.01
45360,983.84,20.00
45480,983.92,20.00
45600,983.84,20.00
45720,983.88,20.00
45840,983.82,20.00
45960,983.88,20.00
46080,983.74,20.00
46200,983.58,19.99
46320,983.74,19.99
46440,983.56,20.00
46560,983.64,20.00
46680,983.56,20.00
46800,983.64,20.00
46920,983.70,19.99
47040,983.72,19.99
47160,983.64,20.00
47280,983.88,20.01
47400,983.86,20.01
47520,983.68,20.00
47640,983.64,20.00
47760,983.60,20.00
47880,983.74,20.00
48000,983.80,20.01
48120,983.72,20.01
48240,983.82,20.02
48360,983.74,20.04
48480,983.82,20.04
48600,983.80,20.04
48720,983.68,20.03
48840,983.58,20.01
48960,983.56,20.01
49080,983.52,20.01
49200,983.62,20.02
49320,983.56,20.02
49440,983.66,20.03
49560,983.74,20.02
49680,983.56,20.03
49800,983.58,20.02
49920,983.42,20.03
50040,983.54,20.03
50160,983.50,20.05
50280,983.52,20.06
50400,983.50,20.06
50520,983.62,20.03
50640,983.52,20.02
50760,983.46,20.01
50880,983.54,20.02
51000,983.42,20.03
51120,983.34,20.03
51240,983.42,20.03
51360,983.48,20.04
51480,983.22,20.03
51600,983.44,20.03
51720,983.22,20.03
51840,983.28,20.04
51960,983.36,20.04
52080,983.40,20.06
52200,983.44,20.07
52320,983.38,20.06
52440,983.34,20.06
52560,983.28,20.05
52680,983.20,20.05
52800,983.20,20.05
52920,983.18,20.04
53040,983.30,20.03
53160,983.32,20.03
53280,983.36,20.04
53400,983.26,20.03
53520,983.16,20.01
53640,983.00,20.00
53760,983.24,19.98
53880,983.24,19.99
54000,983.16,19.98
54120,983.26,19.98
54240,983.18,19.98
54360,982.94,19.98
54480,983.10,19.97
54600,983.22,19.98
54720,983.18,19.99
54840,983.08,20.00
54960,983.06,19.99
55080,983.08,20.00
55200,983.24,19.99
55320,983.14,20.00
55440,983.24,19.99
55560,983.14,19.99
55680,982.98,19.96
55800,982.78,19.93
55920,982.72,19.92
56040,982.78,19.92
56160,982.78,19.92
56280,982.78,19.93
56400,982.78,19.94
56520,982.92,19.95
56640,982.78,19.95
56760,982.76,19.97
56880,982.80,19.97
57000,982.68,19.97
57120,982.78,19.94
57240,982.64,19.93
57360,982.62,19.93
57480,982.64,19.95
57600,982.88,19.98
57720,982.96,20.00
57840,983.12,20.01
57960,982.96,20.01
58080,982.96,20.00
58200,982.90,20.02
58320,982.86,20.04
58440,983.10,20.06
58560,983.22,20.08
58680,983.18,20.10
58800,983.40,20.13
58920,983.36,20.11
59040,983.44,20.10
59160,983.32,20.10
59280,983.46,20.12
59400,983.44,20.13
59520,983.50,20.13
59640,983.52,20.11
59760,983.30,20.09
59880,983.40,20.08
60000,983.30,20.10
60120,983.48,20.12
60240,983.44,20.14
60360,983.38,20.13
60480,983.38,20.14
60600,983.46,20.14
60720,983.44,20.14
60840,983.42,20.15
60960,983.58,20.16
61080,983.64,20.18
61200,983.78,20.20
61320,983.76,20.22
61440,983.90,20.25
61560,983.96,20.27
61680,984.24,20.30
61800,984.20,20.33
61920,984.28,20.36
62040,984.42,20.37
62160,984.54,20.38
62280,984.54,20.39
62400,984.42,20.41
62520,984.52,20.42
62640,984.70,20.44
62760,984.92,20.45
62880,985.04,20.47
63000,985.10,20.49
63120,984.92,20.50
63240,985.10,20.50
63360,985.30,20.51
63480,985.38,20.53
63600,985.42,20.54
63720,985.34,20.54
63840,985.48,20.54
63960,985.50,20.54
64080,985.46,20.54
64200,985.38,20.55
64320,985.38,20.54
64440,985.32,20.56
64560,985.58,20.58
64680,985.30,20.59
64800,985.62,20.61
64920,985.66,20.63
65040,985.54,20.65
65160,985.80,20.67
65280,985.86,20.67
65400,985.90,20.68
65520,986.00,20.69
65640,985.96,20.71
65760,986.08,20.72
65880,986.20,20.73
66000,986.16,20.74
66120,986.16,20.75
66240,986.30,20.77
66360,986.50,20.78
66480,986.50,20.81
66600,986.52,20.82
66720,986.56,20.84
66840,986.70,20.87
66960,986.84,20.89
67080,986.96,20.89
67200,987.04,20.90
67320,987.00,20.90
67440,987.02,20.91
67560,987.10,20.91
67680,987.06,20.92
67800,987.32,20.92
67920,987.02,20.92
68040,987.06,20.90
68160,987.18,20.89
68280,987.08,20.88
68400,986.94,20.88
68520,986.92,20.87
68640,987.06,20.85
68760,987.08,20.85
68880,987.04,20.87
69000,986.90,20.87
69120,986.96,20.88
69240,987.00,20.88
69360,987.04,20.88
69480,986.86,20.88
69600,987.00,20.88
69720,986.90,20.89
69840,987.08,20.90
69960,987.00,20.89
70080,987.16,20.90
70200,987.16,20.90
70320,987.24,20.90
70440,987.12,20.90
70560,987.10,20.90
70680,987.04,20.90
70800,987.10,20.91
70920,987.00,20.91
71040,987.12,20.91
71160,987.06,20.90
71280,986.90,20.89
71400,986.84,20.89
71520,986.90,20.89
71640,986.86,20.89
71760,986.86,20.86
71880,986.86,20.84
72000,987.00,20.86
72120,987.02,20.87
72240,987.38,20.91
72360,987.54,20.97
72480,987.54,20.99
72600,987.42,20.99
72720,987.12,20.97
72840,987.32,20.95
72960,987.12,20.93
73080,987.18,20.93
73200,987.22,20.93
73320,987.24,20.94
73440,987.06,20.93
73560,987.06,20.92
73680,987.16,20.92
73800,987.18,20.92
73920,987.06,20.91
74040,987.38,20.92
74160,987.34,20.94
74280,987.28,20.93
74400,987.26,20.95
74520,987.24,20.96
74640,987.46,20.97
74760,987.42,20.97
74880,987.52,21.00
75000,987.52,21.01
75120,987.48,21.02
75240,987.56,21.02
75360,987.54,21.02
75480,987.48,21.03
75600,987.42,21.03
75720,987.50,21.03
75840,987.46,21.03
75960,987.56,21.03
76080,987.70,21.01
76200,987.48,21.00
76320,987.52,21.01
76440,987.18,20.99
76560,987.20,20.98
76680,987.52,21.00
76800,987.46,20.98
76920,987.42,20.97
77040,987.40,20.98
77160,987.52,21.03
77280,987.64,21.05
77400,987.50,21.04
77520,987.46,21.04
77640,987.60,21.04
77760,987.62,21.03
77880,987.50,21.01
78000,987.18,20.98
78120,987.20,20.96
78240,987.18,20.93
78360,986.94,20.91
78480,987.00,20.89
78600,987.02,20.87
78720,986.96,20.86
78840,986.92,20.86
78960,986.74,20.85
79080,986.66,20.85
79200,986.70,20.84
79320,986.78,20.83
79440,986.64,20.81
79560,986.42,20.81
79680,986.48,20.81
79800,986.26,20.79
79920,986.24,20.79
80040,986.44,20.82
80160,986.32,20.84
80280,986.40,20.86
80400,986.50,20.88
80520,986.60,20.90
80640,986.46,20.90
80760,986.46,20.91
80880,986.90,20.97
81000,986.80,20.98
81120,986.76,20.97
81240,986.48,20.95
81360,986.52,20.92
81480,986.42,20.90
81600,986.44,20.89
81720,986.20,20.88
81840,986.32,20.88
81960,986.52,20.89
82080,986.44,20.88
82200,986.44,20.88
82320,986.44,20.88
82440,986.58,20.89
82560,986.48,20.91
82680,986.50,20.91
82800,986.46,20.90
82920,986.52,20.91
83040,986.62,20.92
83160,986.74,20.94
83280,986.74,20.97
83400,986.86,21.00
83520,987.14,21.03
83640,987.48,21.08
83760,987.54,21.12
83880,987.64,21.14
84000,987.48,21.15
84120,987.56,21.14
84240,987.50,21.11
84360,987.28,21.07
84480,987.26,21.04
84600,987.22,21.03
84720,987.32,21.02
84840,987.14,21.01
84960,987.08,21.02
85080,987.06,21.00
85200,987.10,20.98
85320,986.86,20.95
85440,986.54,20.92
85560,986.80,20.92
85680,986.76,20.92
85800,986.62,20.89
85920,986.68,20.87
86040,986.66,20.86
86160,986.42,20.88
86280,986.66,20.91
86400,986.52,20.92
86520,986.46,20.91
86640,986.48,20.90
86760,986.42,20.89
86880,986.04,20.87
87000,986.40,20.86
87120,986.12,20.85
87240,986.00,20.83
87360,986.04,20.84
87480,986.06,20.84
87600,985.94,20.84
87720,985.88,20.84
87840,986.00,20.84
87960,986.04,20.84
88080,985.90,20.85
88200,985.94,20.86
88320,985.96,20.86
88440,986.12,20.85
88560,985.94,20.85
88680,985.94,20.85
88800,986.06,20.87
88920,986.06,20.88
