time since start in seconds,Sensor on channel 0 Pressure (mbar),Sensor on channel 1 Pressure (mbar),Sensor on channel 0 Temperature (C),Sensor on channel 1 Temperature (C)
0,1028.78,1065.83,21.75,21.53
120,1027.70,1065.32,21.54,21.35
240,1027.58,1065.14,21.35,21.16
360,1027.60,1064.70,21.23,21.03
480,1028.00,1064.52,21.14,20.95
600,1027.64,1064.32,21.08,20.89
720,1027.58,1064.16,21.01,20.81
840,1026.98,1064.42,20.96,20.78
960,1026.74,1064.36,20.94,20.75
1080,1026.88,1064.50,20.91,20.73
1200,1026.84,1064.84,20.94,20.76
1320,1026.98,1065.04,20.96,20.80
1440,1027.22,1065.32,20.98,20.82
1560,1027.26,1065.36,20.95,20.80
1680,1027.16,1065.78,20.99,20.83
1800,1026.88,1066.00,20.98,20.84
1920,1027.00,1066.32,21.00,20.86
2040,1026.96,1066.52,21.02,20.88
2160,1027.08,1066.76,21.05,20.92
2280,1026.98,1067.06,21.05,20.94
2400,1027.06,1067.20,21.06,20.96
2520,1027.12,1067.78,21.08,20.98
2640,1027.26,1067.84,21.10,21.01
2760,1027.34,1067.84,21.09,21.01
2880,1027.46,1068.12,21.10,21.02
3000,1027.40,1068.32,21.10,21.03
3120,1027.56,1068.42,21.09,21.03
3240,1027.32,1068.40,21.07,21.01
3360,1027.38,1068.54,21.08,21.03
3480,1027.34,1068.54,21.07,21.02
3600,1027.44,1068.30,21.07,21.03
3720,1027.66,1068.44,21.09,21.05
3840,1027.78,1068.44,21.12,21.08
3960,1027.96,1068.32,21.15,21.10
4080,1028.10,1068.42,21.16,21.12
4200,1028.24,1068.34,21.18,21.15
4320,1028.32,1067.82,21.19,21.15
4440,1028.38,1067.86,21.18,21.14
4560,1028.44,1067.62,21.19,21.16
4680,1028.24,1067.30,21.18,21.15
4800,1028.20,1067.12,21.17,21.17
4920,1028.26,1066.86,21.13,21.14
5040,1028.26,1066.58,21.10,21.12
5160,1028.28,1066.28,21.08,21.09
5280,1028.36,1066.16,21.06,21.09
5400,1028.18,1065.80,21.06,21.08
5520,1028.06,1065.84,21.05,21.07
5640,1028.16,1065.40,21.05,21.06
5760,1028.14,1065.22,21.04,21.05
5880,1028.08,1065.14,21.03,21.05
6000,1028.04,1065.16,21.03,21.06
6120,1028.20,1065.02,21.02,21.06
6240,1027.92,1064.56,21.00,21.05
6360,1027.98,1064.44,20.99,21.04
6480,1028.02,1064.18,20.99,21.04
6600,1028.16,1064.04,20.98,21.04
6720,1028.28,1064.06,20.98,21.04
6840,1028.28,1064.08,20.98,21.03
6960,1028.18,1064.02,20.96,21.00
7080,1028.22,1064.02,20.97,21.01
7200,1028.22,1064.06,20.97,21.02
7320,1028.16,1064.24,20.95,21.00
7440,1028.22,1064.30,20.92,20.98
7560,1028.24,1064.08,20.95,20.99
7680,1028.42,1064.08,20.99,21.03
7800,1028.22,1064.00,20.97,21.01
7920,1028.18,1063.74,20.93,20.98
8040,1027.90,1063.34,20.89,20.93
8160,1027.58,1063.26,20.86,20.91
8280,1027.62,1062.96,20.84,20.88
8400,1027.56,1062.66,20.81,20.87
8520,1027.34,1062.42,20.79,20.85
8640,1027.26,1062.38,20.77,20.83
8760,1027.32,1062.28,20.76,20.82
8880,1027.26,1061.92,20.74,20.80
9000,1027.34,1061.94,20.73,20.78
9120,1027.06,1061.68,20.71,20.76
9240,1027.10,1061.48,20.71,20.75
9360,1027.06,1061.38,20.70,20.74
9480,1026.92,1061.40,20.68,20.73
9600,1026.86,1061.18,20.66,20.72
9720,1026.84,1060.98,20.65,20.71
9840,1026.62,1061.00,20.65,20.70
9960,1026.58,1060.70,20.63,20.67
10080,1026.66,1060.78,20.63,20.67
10200,1026.62,1060.54,20.61,20.67
10320,1026.68,1060.44,20.60,20.66
10440,1026.50,1060.64,20.59,20.65
10560,1026.52,1060.48,20.58,20.65
10680,1026.68,1060.28,20.58,20.64
10800,1026.58,1060.10,20.56,20.62
10920,1026.52,1059.72,20.54,20.59
11040,1026.50,1059.62,20.54,20.60
11160,1026.46,1059.48,20.55,20.60
11280,1026.52,1059.40,20.54,20.58
11400,1026.42,1059.44,20.53,20.57
11520,1026.28,1059.22,20.51,20.56
11640,1026.24,1059.04,20.50,20.55
11760,1026.22,1058.98,20.48,20.54
11880,1026.22,1059.00,20.49,20.55
12000,1026.20,1058.84,20.49,20.54
12120,1026.28,1058.74,20.49,20.54
12240,1026.42,1058.74,20.49,20.55
12360,1026.34,1058.78,20.48,20.54
12480,1026.28,1058.84,20.48,20.54
12600,1026.32,1058.92,20.47,20.54
12720,1026.20,1058.50,20.46,20.54
12840,1026.16,1058.66,20.47,20.55
12960,1026.38,1058.54,20.48,20.56
13080,1026.12,1058.62,20.48,20.55
13200,1026.08,1058.42,20.45,20.53
13320,1026.04,1058.28,20.44,20.51
13440,1026.22,1058.18,20.44,20.51
13560,1026.42,1058.24,20.47,20.53
13680,1026.40,1058.46,20.50,20.56
13800,1026.38,1058.30,20.49,20.55
13920,1026.48,1058.18,20.48,20.54
14040,1026.46,1058.04,20.45,20.51
14160,1026.30,1057.82,20.44,20.49
14280,1026.20,1057.80,20.44,20.49
14400,1026.24,1057.52,20.42,20.48
14520,1026.22,1057.46,20.41,20.47
14640,1026.26,1057.44,20.41,20.46
14760,1026.22,1057.60,20.41,20.47
14880,1026.20,1057.52,20.42,20.48
15000,1026.20,1057.52,20.44,20.51
15120,1026.22,1057.54,20.43,20.49
15240,1026.24,1057.26,20.43,20.49
15360,1026.28,1057.38,20.43,20.50
15480,1026.24,1057.40,20.43,20.50
15600,1026.10,1057.42,20.40,20.48
15720,1026.00,1057.18,20.39,20.46
15840,1026.12,1057.10,20.39,20.46
15960,1026.12,1057.14,20.37,20.46
16080,1026.04,1056.88,20.35,20.44
16200,1025.98,1056.72,20.34,20.42
16320,1025.96,1056.90,20.35,20.43
16440,1026.08,1056.94,20.36,20.43
16560,1026.00,1056.68,20.35,20.42
16680,1025.92,1056.60,20.35,20.42
16800,1026.02,1056.48,20.34,20.41
16920,1026.14,1056.40,20.35,20.42
17040,1026.10,1056.40,20.34,20.41
17160,1026.02,1056.38,20.34,20.41
17280,1026.06,1056.24,20.33,20.40
17400,1025.80,1056.12,20.31,20.39
17520,1025.84,1056.02,20.31,20.38
17640,1025.84,1056.10,20.30,20.37
17760,1025.62,1056.10,20.28,20.36
17880,1025.80,1055.92,20.28,20.36
18000,1025.82,1055.86,20.28,20.35
18120,1025.86,1055.82,20.28,20.35
18240,1025.82,1055.80,20.28,20.37
18360,1025.92,1055.72,20.29,20.37
18480,1025.64,1055.72,20.27,20.34
18600,1025.84,1055.46,20.27,20.34
18720,1025.46,1055.28,20.24,20.31
18840,1025.80,1055.44,20.26,20.33
18960,1025.92,1055.54,20.28,20.35
19080,1025.96,1055.56,20.30,20.37
19200,1025.92,1055.56,20.30,20.37
19320,1025.92,1055.48,20.31,20.37
19440,1026.08,1055.50,20.33,20.38
19560,1026.20,1055.64,20.35,20.40
19680,1026.20,1055.72,20.37,20.42
19800,1026.16,1055.82,20.40,20.45
19920,1026.28,1055.74,20.42,20.47
20040,1026.74,1055.96,20.45,20.51
20160,1026.80,1056.12,20.46,20.52
20280,1026.92,1056.04,20.49,20.53
20400,1026.88,1056.10,20.50,20.55
20520,1027.00,1056.08,20.53,20.56
20640,1027.04,1056.28,20.55,20.59
20760,1027.18,1056.52,20.57,20.62
20880,1027.42,1056.54,20.57,20.62
21000,1027.48,1056.48,20.58,20.63
21120,1027.46,1056.72,20.59,20.64
21240,1027.66,1056.58,20.60,20.65
21360,1027.48,1056.52,20.59,20.64
21480,1027.38,1056.42,20.60,20.65
21600,1027.56,1056.32,20.60,20.66
21720,1027.68,1056.42,20.61,20.68
21840,1027.52,1056.40,20.61,20.68
21960,1027.62,1056.56,20.62,20.69
22080,1027.78,1056.80,20.63,20.70
22200,1027.78,1056.88,20.64,20.73
22320,1027.94,1056.62,20.63,20.71
22440,1027.92,1056.82,20.65,20.72
22560,1027.92,1056.84,20.67,20.73
22680,1028.20,1056.76,20.69,20.76
22800,1028.08,1056.72,20.68,20.74
22920,1028.08,1056.66,20.67,20.74
23040,1028.16,1056.76,20.67,20.73
23160,1028.22,1057.00,20.70,20.76
23280,1028.22,1056.90,20.69,20.75
23400,1028.28,1056.84,20.69,20.76
23520,1028.32,1056.86,20.69,20.75
23640,1028.46,1057.04,20.72,20.78
23760,1028.30,1056.86,20.71,20.76
23880,1028.30,1057.02,20.71,20.77
24000,1028.32,1056.92,20.69,20.76
24120,1028.38,1057.16,20.71,20.78
24240,1028.54,1057.16,20.73,20.80
24360,1028.72,1057.26,20.74,20.83
24480,1028.66,1057.10,20.75,20.82
24600,1028.66,1057.16,20.75,20.83
24720,1028.68,1057.14,20.73,20.81
24840,1028.60,1056.94,20.74,20.82
24960,1028.54,1057.16,20.73,20.82
25080,1028.58,1057.18,20.74,20.83
25200,1028.62,1057.14,20.73,20.82
25320,1028.72,1057.14,20.74,20.82
25440,1028.88,1057.08,20.74,20.82
25560,1028.90,1057.08,20.74,20.82
25680,1028.76,1057.14,20.76,20.82
25800,1028.88,1057.10,20.76,20.83
25920,1028.98,1057.12,20.76,20.83
26040,1028.84,1057.06,20.77,20.84
26160,1028.98,1057.14,20.78,20.84
26280,1028.98,1057.16,20.76,20.85
26400,1028.98,1057.16,20.78,20.86
26520,1028.96,1057.08,20.79,20.87
26640,1029.18,1057.44,20.78,20.87
26760,1029.00,1057.44,20.78,20.87
26880,1029.08,1057.44,20.78,20.87
27000,1029.04,1057.48,20.78,20.87
27120,1028.98,1057.36,20.79,20.86
27240,1029.20,1057.36,20.77,20.85
27360,1029.10,1057.14,20.76,20.85
27480,1028.94,1057.16,20.75,20.85
27600,1029.10,1057.32,20.78,20.88
27720,1029.06,1057.20,20.77,20.87
27840,1029.34,1057.10,20.76,20.86
27960,1029.28,1056.92,20.75,20.85
28080,1029.22,1056.92,20.76,20.85
28200,1029.24,1057.08,20.76,20.84
28320,1029.34,1057.22,20.77,20.85
28440,1029.18,1056.98,20.76,20.84
28560,1029.20,1056.92,20.78,20.85
28680,1029.18,1056.98,20.77,20.85
28800,1029.10,1056.88,20.77,20.85
28920,1029.20,1056.84,20.76,20.83
29040,1029.12,1056.86,20.77,20.86
29160,1028.96,1056.88,20.76,20.85
29280,1029.14,1056.84,20.75,20.84
29400,1029.06,1056.66,20.76,20.84
29520,1029.16,1056.74,20.76,20.85
29640,1029.06,1056.72,20.75,20.84
29760,1029.08,1056.66,20.75,20.83
29880,1029.06,1056.58,20.75,20.83
30000,1029.02,1056.48,20.76,20.83
30120,1029.32,1056.62,20.77,20.84
30240,1029.24,1056.62,20.77,20.85
30360,1029.16,1056.46,20.75,20.83
30480,1029.14,1056.60,20.74,20.84
30600,1029.00,1056.38,20.71,20.80
30720,1028.92,1056.50,20.72,20.83
30840,1029.06,1056.38,20.73,20.83
30960,1029.06,1056.48,20.75,20.84
31080,1029.08,1056.48,20.74,20.81
31200,1029.08,1056.46,20.74,20.82
31320,1029.16,1056.44,20.74,20.82
31440,1029.28,1056.42,20.75,20.83
31560,1029.14,1056.20,20.73,20.80
31680,1029.14,1056.24,20.71,20.79
31800,1029.08,1056.32,20.68,20.77
31920,1029.08,1056.26,20.70,20.79
32040,1029.00,1056.22,20.71,20.79
32160,1029.18,1056.24,20.71,20.80
32280,1029.26,1056.34,20.70,20.80
32400,1028.96,1056.18,20.69,20.80
32520,1029.24,1056.14,20.68,20.78
32640,1029.00,1055.98,20.68,20.78
32760,1028.98,1056.04,20.67,20.77
32880,1029.16,1056.10,20.70,20.78
33000,1029.30,1056.06,20.72,20.80
33120,1029.12,1056.04,20.69,20.79
33240,1029.02,1056.44,20.69,20.80
33360,1029.14,1056.16,20.72,20.82
33480,1029.04,1056.10,20.72,20.82
33600,1028.90,1056.08,20.70,20.80
33720,1029.16,1056.02,20.70,20.79
33840,1029.28,1055.86,20.71,20.79
33960,1029.36,1055.98,20.72,20.80
34080,1029.28,1055.82,20.69,20.80
34200,1029.30,1056.18,20.71,20.80
34320,1029.42,1055.98,20.71,20.80
34440,1029.40,1056.06,20.70,20.79
34560,1029.32,1055.84,20.70,20.78
34680,1029.28,1055.98,20.70,20.80
34800,1029.00,1056.08,20.67,20.78
34920,1029.04,1056.06,20.66,20.78
35040,1028.90,1055.86,20.66,20.78
35160,1028.96,1055.84,20.66,20.78
35280,1028.84,1055.70,20.63,20.73
35400,1029.10,1055.72,20.64,20.74
35520,1029.18,1055.70,20.66,20.75
35640,1029.10,1055.84,20.65,20.75
35760,1028.98,1055.64,20.64,20.73
35880,1029.00,1055.48,20.65,20.74
36000,1029.00,1055.52,20.64,20.72
36120,1028.92,1055.40,20.61,20.71
36240,1029.04,1055.38,20.60,20.68
36360,1028.98,1055.50,20.63,20.72
36480,1029.12,1055.34,20.64,20.73
36600,1029.12,1055.58,20.64,20.73
36720,1029.06,1055.50,20.62,20.72
36840,1029.20,1055.38,20.63,20.74
36960,1029.04,1055.62,20.65,20.75
37080,1029.10,1055.42,20.64,20.75
37200,1029.12,1055.50,20.62,20.73
37320,1029.12,1055.54,20.62,20.74
37440,1029.16,1055.62,20.62,20.73
37560,1028.92,1055.42,20.59,20.71
37680,1028.88,1055.36,20.59,20.70
37800,1028.92,1055.22,20.60,20.72
37920,1028.72,1055.14,20.58,20.68
38040,1028.82,1054.86,20.57,20.66
38160,1028.78,1055.00,20.57,20.66
38280,1028.88,1055.06,20.57,20.67
38400,1028.80,1055.10,20.56,20.65
38520,1029.20,1055.38,20.63,20.72
38640,1030.52,1056.52,20.86,20.94
38760,1031.60,1057.28,21.08,21.13
38880,1032.42,1058.12,21.29,21.34
39000,1032.98,1058.56,21.44,21.47
39120,1033.90,1058.88,21.59,21.60
39240,1034.00,1059.24,21.68,21.68
39360,1034.70,1059.66,21.77,21.78
39480,1034.78,1059.90,21.84,21.84
39600,1035.38,1060.24,21.93,21.93
39720,1035.40,1060.46,21.97,21.97
39840,1035.80,1060.64,22.02,22.03
39960,1036.00,1060.76,22.06,22.07
40080,1036.20,1060.82,22.10,22.12
40200,1036.50,1061.24,22.14,22.15
40320,1036.64,1061.66,22.20,22.21
40440,1036.88,1061.70,22.22,22.25
40560,1036.96,1061.94,22.26,22.29
40680,1037.26,1062.38,22.29,22.32
40800,1037.52,1062.52,22.33,22.36
40920,1037.62,1062.60,22.35,22.39
41040,1037.60,1062.78,22.36,22.39
41160,1037.60,1062.80,22.38,22.41
41280,1037.80,1063.26,22.42,22.44
41400,1038.06,1063.52,22.45,22.49
41520,1038.30,1063.52,22.46,22.50
41640,1038.56,1063.94,22.50,22.55
41760,1038.34,1063.98,22.52,22.56
41880,1038.50,1064.54,22.56,22.61
42000,1038.54,1064.50,22.57,22.62
42120,1038.80,1064.60,22.60,22.66
42240,1038.98,1064.84,22.61,22.66
42360,1039.12,1065.42,22.67,22.73
42480,1039.52,1065.60,22.69,22.76
42600,1039.52,1065.48,22.73,22.79
42720,1039.74,1065.78,22.75,22.80
42840,1039.88,1065.88,22.78,22.83
42960,1039.86,1065.96,22.79,22.84
43080,1039.92,1066.08,22.81,22.87
43200,1040.24,1066.26,22.83,22.90
43320,1040.12,1066.28,22.84,22.91
43440,1040.36,1066.58,22.87,22.95
43560,1040.40,1066.54,22.86,22.94
43680,1040.42,1066.64,22.88,22.96
43800,1040.38,1066.66,22.89,22.95
43920,1040.52,1066.98,22.92,22.99
44040,1040.74,1067.08,22.93,23.00
44160,1040.78,1067.14,22.96,23.04
44280,1041.08,1067.18,22.97,23.05
44400,1041.06,1067.42,23.00,23.08
44520,1041.18,1067.64,23.02,23.10
44640,1041.08,1067.88,23.04,23.12
44760,1041.32,1068.00,23.05,23.12
44880,1041.30,1068.00,23.05,23.13
45000,1041.74,1068.22,23.09,23.18
45120,1041.64,1068.38,23.11,23.18
45240,1041.72,1068.46,23.12,23.19
45360,1041.68,1068.38,23.13,23.20
45480,1041.64,1068.46,23.13,23.21
45600,1041.94,1068.42,23.14,23.21
45720,1042.06,1068.54,23.19,23.25
45840,1041.98,1068.78,23.19,23.25
45960,1042.00,1068.86,23.19,23.27
46080,1042.34,1069.16,23.22,23.29
46200,1042.38,1069.16,23.24,23.32
46320,1042.66,1069.50,23.27,23.35
46440,1042.52,1069.10,23.27,23.37
46560,1042.74,1069.54,23.30,23.39
46680,1042.84,1069.38,23.30,23.39
46800,1043.02,1069.76,23.33,23.43
46920,1043.04,1069.88,23.33,23.43
47040,1043.26,1070.04,23.40,23.49
47160,1043.26,1070.26,23.41,23.50
47280,1043.56,1070.50,23.43,23.52
47400,1043.52,1070.54,23.43,23.53
47520,1043.46,1070.48,23.45,23.54
47640,1043.56,1070.56,23.48,23.55
47760,1043.86,1070.56,23.52,23.57
47880,1043.90,1070.58,23.54,23.59
48000,1044.04,1070.64,23.56,23.61
48120,1044.16,1070.86,23.58,23.61
48240,1044.32,1071.22,23.61,23.64
48360,1044.40,1071.20,23.63,23.66
48480,1044.52,1071.54,23.67,23.69
48600,1044.54,1071.56,23.70,23.71
48720,1044.94,1071.52,23.73,23.73
48840,1045.08,1071.72,23.77,23.75
48960,1045.42,1071.80,23.80,23.79
49080,1045.30,1072.20,23.83,23.83
49200,1045.72,1072.32,23.86,23.86
49320,1045.78,1072.44,23.90,23.90
49440,1045.82,1072.76,23.91,23.92
49560,1045.88,1072.88,23.94,23.95
49680,1045.90,1072.92,23.97,23.99
49800,1046.08,1073.06,23.99,24.01
49920,1046.26,1073.30,24.01,24.03
50040,1046.34,1073.32,24.04,24.05
50160,1046.56,1073.28,24.06,24.09
50280,1046.70,1073.52,24.09,24.12
50400,1046.92,1073.82,24.13,24.16
50520,1047.08,1074.00,24.15,24.19
50640,1047.08,1074.40,24.18,24.23
50760,1047.14,1074.52,24.20,24.27
50880,1047.42,1074.58,24.24,24.30
51000,1047.88,1074.68,24.30,24.32
51120,1048.38,1074.94,24.36,24.39
51240,1048.38,1075.30,24.39,24.42
51360,1048.62,1075.42,24.43,24.47
51480,1048.84,1075.62,24.48,24.52
51600,1049.00,1075.58,24.51,24.53
51720,1049.14,1075.98,24.56,24.59
51840,1049.56,1076.38,24.62,24.65
51960,1049.66,1076.56,24.67,24.71
52080,1049.84,1076.64,24.72,24.76
52200,1050.56,1077.28,24.78,24.81
52320,1051.00,1077.74,24.90,24.89
52440,1051.78,1078.06,25.03,24.99
52560,1052.52,1078.64,25.12,25.09
52680,1052.66,1078.68,25.19,25.15
52800,1052.74,1079.10,25.23,25.20
52920,1052.84,1079.26,25.24,25.22
53040,1052.90,1079.40,25.26,25.26
53160,1053.04,1079.92,25.28,25.32
53280,1053.36,1079.92,25.36,25.37
53400,1053.42,1080.06,25.38,25.38
53520,1053.78,1080.14,25.44,25.41
53640,1053.90,1080.04,25.47,25.42
53760,1054.12,1080.20,25.48,25.42
53880,1054.28,1080.54,25.50,25.46
54000,1052.80,1080.02,25.34,25.35
54120,1050.58,1078.52,24.95,25.06
54240,1048.70,1077.10,24.54,24.72
54360,1046.96,1075.80,24.12,24.35
54480,1045.14,1074.32,23.76,24.00
54600,1043.72,1072.90,23.46,23.67
54720,1042.68,1072.20,23.22,23.42
54840,1041.50,1071.36,23.03,23.23
54960,1040.86,1070.90,22.86,23.07
55080,1040.80,1070.52,22.78,22.98
55200,1040.18,1070.02,22.70,22.91
55320,1039.92,1069.84,22.64,22.87
55440,1039.92,1069.46,22.61,22.82
55560,1039.70,1069.36,22.60,22.82
55680,1039.70,1068.76,22.58,22.77
55800,1039.36,1068.48,22.56,22.75
55920,1039.38,1068.40,22.56,22.74
56040,1039.20,1068.26,22.54,22.73
56160,1039.50,1067.88,22.55,22.73
56280,1039.38,1067.52,22.54,22.71
56400,1039.26,1067.44,22.52,22.70
56520,1038.94,1066.88,22.47,22.64
56640,1038.64,1066.60,22.41,22.57
56760,1038.14,1066.14,22.34,22.51
56880,1037.90,1065.86,22.30,22.47
57000,1037.56,1065.30,22.23,22.38
57120,1037.10,1065.22,22.20,22.37
57240,1036.98,1065.14,22.16,22.34
57360,1036.96,1065.14,22.16,22.35
57480,1037.02,1064.76,22.17,22.34
57600,1036.98,1064.34,22.14,22.31
57720,1036.80,1064.22,22.11,22.28
57840,1036.56,1064.06,22.09,22.26
57960,1036.16,1063.58,22.04,22.20
58080,1032.28,1063.44,22.01,22.17
58200,1031.52,1063.30,21.96,22.11
58320,1031.56,1063.12,21.94,22.10
58440,1031.64,1062.90,21.95,22.09
58560,1031.62,1062.88,21.96,22.09
58680,1031.72,1062.70,21.96,22.09
58800,1031.56,1062.44,21.93,22.07
58920,1031.60,1062.48,21.92,22.07
59040,1031.44,1062.26,21.90,22.04
59160,1031.38,1062.34,21.91,22.07
59280,1031.34,1062.46,21.93,22.09
59400,1031.42,1062.24,21.93,22.09
59520,1031.30,1062.04,21.91,22.08
59640,1031.40,1062.08,21.93,22.10
59760,1031.28,1061.96,21.95,22.12
59880,1031.18,1061.98,21.95,22.13
60000,1031.22,1061.94,21.94,22.11
60120,1031.20,1061.78,21.95,22.13
60240,1031.34,1061.86,21.96,22.14
60360,1031.16,1061.82,21.95,22.14
60480,1027.86,1061.62,21.94,22.12
60600,1027.34,1061.72,21.93,22.11
60720,1027.24,1061.84,21.94,22.12
60840,1027.22,1061.52,21.92,22.09
60960,1027.22,1061.40,21.91,22.09
61080,1027.18,1061.62,21.92,22.10
61200,1027.18,1061.52,21.91,22.08
61320,1027.24,1061.54,21.92,22.10
61440,1027.16,1061.66,21.91,22.09
61560,1027.20,1061.64,21.93,22.12
61680,1026.86,1061.40,21.90,22.10
61800,1026.84,1061.38,21.88,22.07
61920,1026.82,1061.24,21.86,22.05
62040,1026.50,1061.16,21.83,22.03
62160,1026.50,1061.10,21.82,22.03
62280,1026.68,1060.96,21.84,22.04
62400,1025.62,1061.20,21.84,22.04
62520,1023.00,1060.94,21.83,22.01
62640,1022.84,1060.90,21.80,21.98
62760,1022.98,1060.78,21.78,21.96
62880,1022.46,1060.78,21.75,21.95
63000,1022.34,1060.68,21.74,21.93
63120,1022.42,1060.46,21.72,21.89
63240,1022.14,1060.10,21.70,21.85
63360,1021.88,1060.14,21.67,21.82
63480,1021.72,1060.06,21.64,21.79
63600,1021.66,1059.98,21.63,21.77
63720,1021.30,1059.86,21.59,21.73
63840,1017.74,1059.58,21.57,21.73
63960,1017.62,1059.60,21.56,21.72
64080,1017.64,1059.56,21.54,21.72
64200,1017.54,1059.54,21.54,21.72
64320,1017.46,1059.34,21.52,21.70
64440,1017.30,1059.38,21.50,21.67
64560,1016.90,1058.84,21.48,21.64
64680,1016.92,1058.74,21.45,21.59
64800,1016.78,1058.72,21.45,21.58
64920,1013.22,1058.66,21.46,21.60
65040,1013.32,1058.84,21.46,21.62
65160,1013.36,1058.76,21.49,21.65
65280,1013.32,1058.68,21.50,21.64
65400,1013.32,1058.68,21.50,21.64
65520,1013.18,1058.30,21.49,21.63
65640,1013.18,1058.40,21.50,21.65
65760,1011.80,1058.50,21.52,21.67
65880,1009.56,1058.42,21.53,21.68
66000,1009.58,1058.58,21.54,21.68
66120,1009.70,1058.60,21.56,21.71
66240,1009.72,1058.62,21.57,21.71
66360,1009.80,1058.80,21.57,21.71
66480,1009.52,1058.78,21.59,21.74
66600,1009.66,1058.78,21.61,21.76
66720,1009.62,1058.70,21.61,21.76
66840,1006.74,1058.68,21.61,21.76
66960,1005.78,1058.58,21.60,21.74
67080,1006.10,1058.60,21.61,21.75
67200,1006.06,1058.82,21.63,21.78
67320,1006.10,1058.74,21.65,21.80
67440,1006.32,1058.88,21.72,21.85
67560,1006.34,1058.90,21.73,21.86
67680,1006.36,1058.94,21.71,21.83
67800,1006.04,1058.66,21.67,21.80
67920,1004.94,1058.68,21.63,21.76
68040,1001.84,1058.34,21.58,21.71
68160,1001.74,1058.16,21.54,21.68
68280,1001.60,1058.18,21.55,21.68
68400,1001.56,1058.22,21.56,21.72
68520,1001.52,1058.28,21.54,21.70
68640,1001.60,1058.18,21.56,21.72
68760,1001.30,1058.10,21.55,21.70
68880,1001.38,1058.18,21.56,21.71
69000,1001.42,1057.86,21.54,21.68
69120,999.76,1057.94,21.54,21.68
69240,997.48,1057.94,21.53,21.66
69360,997.52,1058.26,21.54,21.68
69480,997.64,1057.92,21.53,21.66
69600,997.68,1057.92,21.53,21.66
69720,997.68,1057.94,21.54,21.67
69840,997.56,1058.02,21.53,21.67
69960,997.40,1057.74,21.52,21.65
70080,997.40,1057.78,21.51,21.65
70200,997.28,1057.64,21.50,21.65
70320,997.16,1057.66,21.48,21.62
70440,994.86,1057.78,21.49,21.64
70560,993.60,1057.64,21.52,21.65
70680,993.56,1057.80,21.53,21.67
70800,993.40,1057.54,21.50,21.66
70920,993.30,1057.52,21.47,21.62
71040,993.32,1057.52,21.48,21.62
71160,993.20,1057.52,21.47,21.61
71280,993.12,1057.40,21.46,21.59
71400,993.10,1057.48,21.52,21.63
71520,993.16,1057.48,21.52,21.61
71640,992.20,1057.38,21.49,21.60
71760,989.34,1057.06,21.46,21.58
71880,989.34,1057.16,21.46,21.59
72000,989.34,1057.18,21.46,21.60
72120,989.44,1057.22,21.46,21.60
72240,989.36,1057.18,21.46,21.62
72360,989.40,1057.14,21.47,21.63
72480,989.48,1057.16,21.49,21.64
72600,989.44,1057.14,21.51,21.66
72720,989.50,1057.00,21.49,21.63
72840,989.30,1056.82,21.47,21.60
72960,989.26,1056.80,21.45,21.58
73080,989.24,1056.88,21.45,21.59
73200,987.68,1056.84,21.45,21.59
73320,985.48,1056.84,21.45,21.57
73440,985.54,1057.00,21.44,21.58
73560,985.44,1056.90,21.45,21.57
73680,985.58,1056.88,21.44,21.58
73800,985.62,1056.76,21.44,21.57
73920,985.68,1056.64,21.43,21.56
74040,985.76,1056.86,21.44,21.59
74160,985.44,1056.80,21.45,21.59
74280,985.56,1056.48,21.45,21.57
74400,985.44,1056.48,21.46,21.57
74520,985.40,1056.78,21.46,21.58
74640,985.20,1056.48,21.44,21.56
74760,985.22,1056.38,21.41,21.54
74880,985.06,1056.54,21.40,21.54
75000,984.92,1056.44,21.41,21.55
75120,984.94,1056.54,21.41,21.54
75240,984.56,1056.36,21.40,21.52
75360,984.32,1056.46,21.41,21.53
75480,982.16,1056.42,21.41,21.54
75600,981.68,1056.48,21.40,21.53
75720,981.48,1056.32,21.39,21.50
75840,981.38,1056.10,21.38,21.50
75960,981.52,1056.12,21.38,21.49
76080,981.46,1055.96,21.38,21.49
76200,981.30,1056.06,21.37,21.48
76320,981.22,1055.92,21.37,21.48
76440,981.04,1055.94,21.37,21.47
76560,981.12,1055.88,21.37,21.46
76680,981.20,1056.04,21.37,21.47
76800,979.34,1055.98,21.38,21.49
76920,979.20,1056.08,21.39,21.51
77040,979.22,1056.34,21.42,21.56
77160,979.20,1056.14,21.42,21.56
77280,979.08,1056.10,21.41,21.56
77400,978.90,1056.00,21.41,21.55
77520,978.80,1056.04,21.40,21.54
77640,978.12,1056.08,21.39,21.53
77760,977.10,1055.84,21.40,21.55
77880,977.20,1055.92,21.42,21.56
78000,977.28,1055.94,21.42,21.56
78120,977.20,1055.80,21.40,21.52
78240,977.20,1055.90,21.42,21.54
78360,977.18,1055.96,21.44,21.57
78480,975.98,1056.06,21.46,21.57
78600,975.96,1056.32,21.49,21.60
78720,975.92,1056.44,21.49,21.60
78840,975.72,1056.08,21.44,21.57
78960,975.42,1055.92,21.41,21.55
79080,975.38,1055.94,21.37,21.53
79200,975.16,1055.70,21.34,21.49
79320,973.18,1055.78,21.31,21.48
79440,973.26,1055.64,21.31,21.48
79560,973.28,1055.58,21.31,21.47
79680,973.34,1055.56,21.31,21.46
79800,973.20,1055.80,21.30,21.46
79920,972.98,1055.28,21.27,21.43
80040,971.36,1055.42,21.26,21.43
80160,971.46,1055.16,21.25,21.40
80280,971.22,1055.12,21.24,21.40
80400,971.32,1055.12,21.24,21.39
80520,971.44,1055.42,21.25,21.41
80640,971.04,1055.30,21.25,21.40
80760,969.94,1054.96,21.24,21.38
80880,969.92,1055.12,21.23,21.36
81000,969.90,1055.04,21.24,21.38
81120,969.84,1054.98,21.24,21.38
81240,969.86,1055.12,21.23,21.39
81360,969.46,1055.18,21.23,21.38
81480,968.26,1055.14,21.24,21.41
81600,968.38,1055.04,21.25,21.40
81720,968.42,1055.02,21.25,21.40
81840,968.40,1055.04,21.26,21.42
81960,968.10,1054.96,21.25,21.41
82080,967.32,1054.94,21.22,21.36
82200,966.60,1054.98,21.21,21.35
82320,966.52,1054.80,21.21,21.34
82440,966.60,1054.84,21.22,21.34
82560,966.66,1054.96,21.25,21.37
82680,966.72,1054.98,21.24,21.36
82800,965.48,1054.68,21.22,21.33
82920,964.98,1054.70,21.19,21.31
83040,964.96,1054.40,21.18,21.29
83160,964.96,1054.34,21.18,21.28
83280,964.88,1054.32,21.18,21.29
83400,964.86,1054.40,21.18,21.29
83520,963.74,1054.50,21.18,21.28
83640,963.36,1054.34,21.18,21.29
83760,963.16,1054.32,21.20,21.31
83880,963.72,1054.58,21.26,21.36
84000,963.58,1054.64,21.26,21.36
84120,963.46,1054.48,21.21,21.33
84240,963.06,1054.56,21.21,21.34
84360,962.00,1054.34,21.22,21.36
84480,962.14,1054.24,21.23,21.35
84600,962.04,1054.06,21.21,21.31
84720,962.04,1054.16,21.23,21.32
84840,962.32,1054.28,21.31,21.38
84960,961.12,1054.54,21.34,21.41
85080,961.26,1054.50,21.34,21.41
85200,961.56,1054.62,21.37,21.44
85320,961.40,1054.78,21.37,21.45
85440,961.30,1054.58,21.37,21.46
85560,961.26,1054.34,21.35,21.42
85680,960.10,1054.50,21.35,21.41
85800,959.94,1054.28,21.36,21.44
85920,959.88,1054.26,21.36,21.44
86040,959.76,1054.26,21.35,21.42
86160,959.82,1054.20,21.38,21.43
86280,959.90,1054.36,21.37,21.41
86400,959.44,1054.30,21.38,21.42
86520,958.68,1054.24,21.39,21.42
86640,958.64,1054.22,21.37,21.43
86760,958.48,1054.36,21.32,21.40
86880,958.50,1054.26,21.36,21.44
87000,958.42,1054.18,21.37,21.45
87120,958.32,1054.28,21.34,21.43
87240,957.00,1054.04,21.29,21.37
87360,956.80,1054.16,21.26,21.36
87480,956.82,1053.86,21.24,21.33
87600,957.02,1053.86,21.28,21.37
87720,956.98,1054.06,21.28,21.37
87840,957.04,1054.06,21.29,21.38
87960,956.28,1053.84,21.27,21.37
88080,955.54,1053.96,21.26,21.38
88200,955.48,1053.66,21.24,21.36
88320,955.40,1053.80,21.22,21.35
88440,955.34,1053.72,21.21,21.33
88560,955.50,1053.84,21.22,21.34
88680,955.46,1053.98,21.24,21.36
88800,954.06,1053.98,21.25,21.38
88920,954.04,1054.10,21.23,21.36
89040,953.92,1053.96,21.22,21.34
89160,953.96,1053.84,21.20,21.34
89280,954.06,1053.94,21.22,21.36
89400,954.12,1053.90,21.21,21.34
89520,953.52,1053.96,21.22,21.35
89640,952.62,1053.58,21.20,21.33
89760,952.72,1053.68,21.21,21.33
89880,952.62,1053.74,21.23,21.35
90000,952.72,1053.82,21.23,21.36
90120,952.80,1054.06,21.23,21.36
90240,952.64,1053.82,21.22,21.34
90360,951.40,1053.90,21.20,21.33
90480,951.40,1053.68,21.19,21.31
90600,951.16,1053.68,21.17,21.30
90720,951.20,1053.42,21.16,21.28
90840,951.40,1053.48,21.16,21.29
90960,951.42,1053.38,21.16,21.29
91080,949.92,1053.56,21.15,21.29
91200,949.88,1053.60,21.15,21.29
91320,950.00,1053.62,21.17,21.30
91440,950.06,1053.58,21.18,21.30
91560,950.20,1053.56,21.17,21.31
91680,950.20,1053.52,21.16,21.28
91800,949.78,1053.52,21.16,21.30
91920,948.92,1053.56,21.18,21.33
92040,948.92,1053.58,21.18,21.31
92160,949.06,1053.58,21.18,21.31
92280,948.98,1053.60,21.18,21.31
92400,949.00,1053.44,21.19,21.31
92520,948.46,1053.50,21.19,21.31
92640,947.86,1053.60,21.20,21.34
92760,948.06,1054.26,21.26,21.40
92880,948.26,1054.38,21.32,21.47
93000,948.66,1054.72,21.38,21.54
93120,948.98,1055.00,21.47,21.62
93240,947.96,1055.24,21.53,21.69
93360,948.14,1055.62,21.57,21.76
93480,948.18,1055.48,21.59,21.79
93600,948.32,1055.48,21.61,21.79
93720,948.32,1055.60,21.62,21.81
93840,948.50,1055.58,21.64,21.83
93960,948.74,1055.64,21.68,21.86
94080,948.42,1056.06,21.71,21.89
94200,948.00,1056.00,21.75,21.93
94320,948.12,1056.26,21.78,21.96
94440,948.02,1056.30,21.78,21.97
94560,948.04,1056.56,21.78,21.98
94680,948.20,1056.64,21.78,21.98
94800,948.10,1056.54,21.78,21.98
94920,948.18,1056.54,21.77,21.97
95040,948.18,1056.54,21.79,21.98
95160,947.62,1056.64,21.82,22.01
95280,947.36,1056.76,21.83,22.02
95400,947.26,1056.80,21.84,22.05
95520,947.40,1056.86,21.84,22.04
95640,947.42,1056.86,21.84,22.04
95760,947.38,1056.94,21.85,22.05
95880,947.46,1056.72,21.86,22.06
96000,947.66,1056.96,21.87,22.06
96120,947.56,1057.08,21.87,22.08
96240,946.48,1057.02,21.86,22.08
96360,946.56,1057.04,21.87,22.09
96480,946.46,1057.20,21.89,22.11
96600,946.48,1057.46,21.90,22.13
96720,946.60,1057.40,21.88,22.11
96840,946.58,1057.10,21.83,22.06
96960,946.34,1056.76,21.77,21.97
97080,945.68,1056.44,21.70,21.91
97200,944.46,1056.12,21.65,21.84
97320,944.62,1056.16,21.64,21.83
97440,944.86,1056.46,21.69,21.89
97560,944.96,1056.68,21.72,21.94
97680,945.08,1056.78,21.77,21.97
97800,945.30,1057.04,21.81,22.01
97920,944.82,1057.06,21.83,22.05
98040,944.46,1057.44,21.86,22.08
98160,944.44,1057.32,21.87,22.09
98280,944.68,1057.44,21.90,22.14
98400,944.70,1057.54,21.93,22.15
98520,944.80,1057.68,21.94,22.15
98640,944.90,1057.74,21.94,22.16
98760,943.94,1057.68,21.94,22.18
98880,943.86,1057.66,21.94,22.17
99000,944.10,1057.88,21.99,22.21
99120,944.06,1057.90,22.00,22.23
99240,944.24,1057.88,22.00,22.23
99360,944.40,1057.98,22.01,22.23
99480,944.40,1058.20,22.04,22.26
99600,944.20,1058.38,22.06,22.28
99720,943.44,1058.30,22.07,22.29
99840,943.34,1058.30,22.07,22.30
99960,943.50,1058.24,22.08,22.31
100080,943.86,1058.40,22.14,22.37
100200,943.82,1058.42,22.12,22.35
100320,944.04,1058.64,22.15,22.38
100440,944.18,1058.74,22.17,22.40
100560,942.84,1058.52,22.15,22.38
100680,942.80,1058.70,22.17,22.38
100800,942.82,1058.74,22.15,22.38
100920,942.80,1058.76,22.14,22.38
101040,942.78,1058.70,22.12,22.36
101160,942.76,1058.32,22.11,22.34
101280,942.64,1058.12,22.09,22.32
101400,943.00,1058.30,22.11,22.34
101520,942.00,1058.50,22.11,22.36
101640,941.82,1058.58,22.12,22.38
101760,941.82,1058.76,22.11,22.37
101880,941.76,1058.70,22.11,22.37
102000,941.84,1058.54,22.10,22.37
102120,941.88,1058.88,22.12,22.40
102240,942.12,1058.80,22.13,22.40
102360,942.14,1058.84,22.16,22.42
102480,941.26,1058.86,22.19,22.44
102600,941.06,1058.76,22.15,22.41
102720,941.06,1058.90,22.14,22.39
102840,941.04,1058.74,22.14,22.38
102960,940.86,1058.48,22.13,22.37
103080,941.00,1058.52,22.12,22.36
103200,940.96,1058.66,22.12,22.36
103320,940.76,1058.54,22.10,22.35
103440,939.98,1058.46,22.10,22.37
103560,939.90,1058.60,22.10,22.35
103680,939.96,1058.54,22.11,22.35
103800,940.24,1058.42,22.15,22.39
103920,940.38,1058.66,22.15,22.40
104040,940.56,1058.64,22.16,22.41
104160,940.12,1058.76,22.15,22.41
104280,939.28,1058.60,22.14,22.38
104400,939.00,1058.62,22.14,22.39
104520,939.06,1058.86,22.14,22.39
104640,939.14,1058.74,22.14,22.40
104760,939.16,1058.94,22.14,22.41
104880,939.34,1058.74,22.15,22.42
105000,939.28,1058.60,22.15,22.41
105120,938.34,1058.66,22.13,22.39
105240,937.96,1058.68,22.13,22.40
105360,938.06,1058.68,22.14,22.40
105480,938.02,1058.68,22.15,22.42
105600,938.02,1058.86,22.14,22.41
105720,938.08,1058.68,22.13,22.39
105840,938.18,1058.72,22.15,22.42
105960,938.02,1058.54,22.14,22.40
106080,938.06,1058.58,22.14,22.40
106200,937.12,1058.72,22.15,22.40
106320,937.10,1058.82,22.17,22.42
106440,936.90,1058.84,22.16,22.42
106560,937.00,1058.84,22.17,22.43
106680,937.14,1058.72,22.18,22.43
106800,937.18,1058.78,22.17,22.43
106920,937.04,1058.78,22.15,22.43
107040,937.06,1058.78,22.16,22.43
107160,937.06,1058.74,22.14,22.42
107280,936.22,1058.78,22.15,22.43
107400,935.92,1058.84,22.16,22.44
107520,936.14,1058.64,22.15,22.42
107640,935.82,1058.58,22.12,22.37
107760,935.92,1058.44,22.12,22.36
107880,935.96,1058.52,22.12,22.37
108000,936.08,1058.60,22.12,22.36
108120,936.00,1058.58,22.11,22.36
108240,935.94,1058.58,22.11,22.36
108360,935.62,1058.72,22.12,22.37
108480,934.96,1058.50,22.13,22.37
108600,934.96,1058.72,22.13,22.37
108720,934.92,1058.68,22.12,22.38
108840,934.90,1058.76,22.13,22.40
108960,935.00,1058.74,22.14,22.40
109080,935.10,1058.74,22.15,22.41
109200,935.00,1058.74,22.16,22.41
109320,934.66,1058.62,22.16,22.41
109440,933.80,1058.60,22.14,22.38
109560,933.74,1058.70,22.16,22.42
109680,934.22,1058.72,22.17,22.42
109800,934.24,1058.76,22.18,22.44
109920,933.92,1058.84,22.19,22.44
110040,934.08,1058.92,22.21,22.47
110160,934.36,1059.02,22.21,22.49
110280,934.24,1058.94,22.21,22.49
110400,934.30,1058.94,22.18,22.45
110520,933.44,1058.64,22.17,22.42
110640,932.92,1058.48,22.16,22.42
110760,932.88,1058.42,22.14,22.39
110880,932.90,1058.40,22.13,22.38
111000,932.84,1058.46,22.12,22.38
111120,932.98,1058.46,22.14,22.40
111240,933.12,1058.58,22.16,22.41
111360,933.14,1058.70,22.18,22.42
111480,933.42,1058.80,22.21,22.44
111600,932.66,1058.88,22.21,22.45
111720,932.30,1058.96,22.22,22.46
111840,932.26,1059.14,22.23,22.47
111960,932.26,1058.96,22.21,22.46
112080,932.34,1058.88,22.21,22.45
112200,932.22,1059.02,22.22,22.46
112320,932.18,1058.80,22.21,22.46
112440,932.26,1058.92,22.22,22.46
112560,932.44,1059.02,22.22,22.45
112680,932.38,1059.00,22.23,22.48
112800,931.70,1058.96,22.22,22.47
112920,931.50,1059.06,22.25,22.50
113040,931.30,1058.92,22.25,22.49
113160,931.04,1058.80,22.20,22.46
113280,930.92,1058.74,22.18,22.44
113400,931.00,1058.52,22.18,22.43
113520,931.06,1058.52,22.17,22.42
113640,931.10,1058.56,22.17,22.41
113760,931.02,1058.60,22.17,22.42
113880,931.28,1058.58,22.17,22.42
114000,931.14,1058.58,22.16,22.42
114120,930.44,1058.52,22.15,22.42
114240,929.68,1058.40,22.13,22.39
114360,929.72,1058.38,22.14,22.40
114480,929.66,1058.36,22.11,22.38
114600,929.52,1057.94,22.08,22.33
114720,929.02,1057.74,22.00,22.25
114840,928.78,1057.14,21.89,22.13
114960,928.78,1056.96,21.85,22.07
115080,928.50,1056.78,21.84,22.04
115200,928.46,1056.58,21.81,22.01
115320,928.34,1056.32,21.76,21.96
115440,926.84,1055.94,21.72,21.89
115560,926.58,1055.96,21.66,21.85
115680,926.56,1055.82,21.64,21.84
115800,926.50,1055.72,21.65,21.83
115920,926.52,1055.68,21.63,21.80
116040,926.52,1055.24,21.61,21.76
116160,926.20,1055.16,21.58,21.73
116280,926.16,1054.98,21.55,21.71
116400,924.44,1055.00,21.51,21.67
116520,924.40,1054.56,21.46,21.64
116640,924.14,1054.20,21.40,21.58
116760,924.14,1053.96,21.37,21.53
116880,923.96,1053.68,21.32,21.46
117000,923.66,1053.46,21.29,21.43
117120,923.66,1053.40,21.25,21.39
117240,923.62,1053.44,21.25,21.37
117360,922.50,1053.12,21.23,21.35
117480,922.04,1053.00,21.22,21.34
117600,922.02,1052.88,21.20,21.33
117720,921.90,1052.76,21.16,21.30
117840,921.80,1052.72,21.14,21.27
117960,921.76,1052.78,21.11,21.26
118080,921.68,1052.58,21.09,21.23
118200,921.36,1052.12,21.07,21.19
118320,921.08,1052.02,21.03,21.17
118440,920.34,1052.10,21.03,21.16
118560,920.28,1051.76,21.04,21.15
118680,920.20,1051.86,21.01,21.13
118800,920.06,1051.58,21.00,21.12
118920,919.96,1051.60,21.00,21.12
119040,919.92,1051.50,20.97,21.08
119160,919.74,1051.16,20.94,21.05
119280,919.70,1051.06,20.93,21.02
119400,918.44,1051.06,20.91,21.01
119520,918.50,1051.08,20.91,21.02
119640,918.34,1050.96,20.89,21.00
119760,918.30,1050.94,20.88,21.01
119880,918.30,1050.96,20.89,21.01
120000,918.50,1050.64,20.88,21.01
120120,918.34,1050.52,20.86,20.98
120240,918.28,1050.36,20.84,20.96
120360,917.74,1050.32,20.83,20.95
120480,917.02,1050.20,20.81,20.93
120600,917.06,1050.12,20.81,20.91
120720,917.08,1050.32,20.82,20.93
120840,917.04,1050.22,20.81,20.92
120960,917.06,1050.14,20.82,20.93
121080,916.94,1050.02,20.82,20.93
121200,917.00,1050.12,20.82,20.93
121320,917.02,1049.68,20.80,20.91
121440,916.88,1049.84,20.78,20.90
121560,916.12,1049.92,20.76,20.88
121680,915.80,1049.70,20.77,20.89
121800,915.48,1049.48,20.76,20.87
121920,915.52,1049.66,20.75,20.87
122040,915.56,1049.36,20.73,20.84
122160,915.34,1049.48,20.73,20.85
122280,915.34,1049.42,20.72,20.83
122400,915.40,1049.42,20.72,20.84
122520,915.34,1049.38,20.69,20.81
122640,915.36,1049.36,20.68,20.80
122760,915.36,1049.30,20.65,20.77
122880,915.14,1049.26,20.65,20.78
123000,914.28,1049.02,20.66,20.77
123120,914.20,1049.10,20.68,20.79
123240,914.30,1049.00,20.67,20.77
123360,914.12,1049.00,20.67,20.76
123480,913.96,1048.74,20.64,20.74
123600,913.96,1048.58,20.62,20.73
123720,913.96,1048.52,20.59,20.70
123840,913.88,1048.72,20.58,20.70
123960,913.86,1048.40,20.54,20.66
124080,913.74,1048.38,20.54,20.65
124200,913.46,1048.24,20.52,20.62
124320,912.32,1048.18,20.52,20.62
124440,912.40,1048.14,20.52,20.62
124560,912.06,1048.12,20.51,20.61
124680,912.06,1048.00,20.49,20.59
124800,912.16,1047.80,20.49,20.58
124920,912.18,1047.76,20.47,20.56
125040,912.46,1047.68,20.47,20.57
125160,912.20,1047.58,20.46,20.56
125280,912.20,1047.54,20.45,20.55
125400,912.26,1047.40,20.44,20.53
125520,911.94,1047.58,20.46,20.55
125640,911.00,1047.66,20.43,20.52
125760,910.88,1047.22,20.41,20.51
125880,910.92,1047.46,20.41,20.50
126000,910.84,1047.38,20.42,20.53
126120,910.70,1047.30,20.39,20.51
126240,910.72,1047.32,20.42,20.53
126360,910.74,1047.22,20.41,20.50
126480,910.86,1047.10,20.41,20.50
126600,910.72,1046.82,20.38,20.47
126720,910.82,1046.86,20.37,20.47
126840,910.74,1046.88,20.36,20.44
126960,909.62,1046.86,20.36,20.45
127080,909.62,1046.58,20.35,20.43
127200,909.46,1046.76,20.35,20.44
127320,909.36,1046.58,20.33,20.41
127440,909.40,1046.38,20.32,20.39
127560,909.18,1046.30,20.29,20.37
127680,909.22,1046.46,20.31,20.39
127800,909.36,1046.56,20.30,20.39
127920,909.44,1046.56,20.32,20.40
128040,909.66,1046.60,20.34,20.42
128160,909.56,1046.52,20.34,20.42
128280,909.64,1046.60,20.33,20.41
128400,909.32,1046.68,20.35,20.44
128520,908.36,1046.58,20.34,20.42
128640,908.34,1046.50,20.34,20.43
128760,908.22,1046.48,20.33,20.42
128880,908.28,1046.62,20.34,20.44
129000,908.28,1046.54,20.33,20.43
129120,908.28,1046.66,20.33,20.45
129240,908.12,1046.54,20.31,20.42
129360,908.24,1046.46,20.32,20.42
129480,908.32,1046.36,20.30,20.41
129600,908.32,1046.32,20.30,20.39
129720,908.28,1046.26,20.28,20.38
129840,908.38,1046.30,20.29,20.39
129960,908.26,1046.14,20.28,20.37
130080,908.46,1046.40,20.28,20.39
130200,908.54,1046.14,20.27,20.38
130320,907.10,1046.28,20.29,20.40
130440,907.30,1046.22,20.28,20.39
130560,907.32,1046.18,20.29,20.39
130680,907.36,1046.14,20.28,20.38
130800,907.10,1046.08,20.28,20.37
130920,907.28,1046.12,20.27,20.36
131040,907.18,1046.18,20.29,20.38
131160,907.42,1046.18,20.28,20.37
131280,907.20,1046.06,20.27,20.37
131400,907.12,1045.92,20.27,20.36
131520,907.34,1046.20,20.28,20.38
131640,907.36,1046.34,20.27,20.37
131760,907.42,1046.60,20.29,20.39
131880,906.98,1046.50,20.27,20.36
132000,906.14,1046.48,20.26,20.34
132120,905.98,1046.26,20.25,20.34
132240,905.96,1046.32,20.25,20.34
132360,906.08,1046.10,20.24,20.32
132480,906.16,1046.32,20.25,20.34
132600,906.14,1046.36,20.26,20.35
132720,906.14,1046.48,20.26,20.36
132840,906.06,1046.46,20.26,20.36
132960,906.24,1046.36,20.26,20.36
133080,906.30,1046.36,20.26,20.35
133200,906.16,1046.66,20.26,20.36
133320,905.98,1046.46,20.23,20.32
133440,906.10,1046.44,20.22,20.34
133560,906.16,1046.16,20.22,20.32
133680,906.02,1046.16,20.20,20.30
133800,906.00,1046.04,20.18,20.28
133920,904.66,1046.00,20.18,20.28
134040,904.78,1046.00,20.16,20.26
134160,904.74,1045.96,20.16,20.26
134280,904.64,1045.84,20.14,20.23
134400,904.56,1045.82,20.16,20.24
134520,904.64,1045.82,20.15,20.23
134640,904.70,1045.70,20.15,20.25
134760,904.56,1045.72,20.13,20.22
134880,904.56,1045.72,20.13,20.22
135000,904.56,1045.44,20.12,20.20
135120,904.50,1045.46,20.13,20.20
135240,904.58,1045.46,20.12,20.19
135360,904.60,1045.50,20.12,20.20
135480,904.44,1045.40,20.09,20.17
135600,903.62,1045.34,20.11,20.19
135720,903.42,1045.46,20.10,20.18
135840,903.48,1045.70,20.12,20.20
135960,903.36,1045.60,20.11,20.19
136080,903.42,1045.48,20.10,20.19
136200,903.46,1045.56,20.09,20.16
136320,903.50,1045.54,20.10,20.18
136440,903.44,1045.42,20.08,20.16
136560,903.46,1045.30,20.07,20.15
136680,903.42,1045.08,20.05,20.14
136800,903.36,1044.82,20.05,20.13
136920,903.26,1045.16,20.04,20.11
137040,903.34,1045.14,20.03,20.12
137160,903.32,1045.20,20.04,20.13
137280,903.52,1045.02,20.04,20.12
137400,903.00,1045.06,20.02,20.09
137520,902.16,1045.24,20.02,20.10
137640,902.24,1045.28,20.04,20.11
137760,902.20,1045.26,20.04,20.12
137880,902.26,1045.26,20.06,20.13
138000,902.22,1045.28,20.05,20.13
138120,902.32,1045.38,20.08,20.16
138240,902.42,1045.32,20.09,20.18
138360,902.44,1045.40,20.09,20.18
138480,902.66,1045.68,20.12,20.21
138600,902.62,1045.72,20.15,20.24
138720,902.62,1045.84,20.16,20.25
138840,902.86,1045.76,20.18,20.28
138960,902.88,1046.00,20.19,20.32
139080,902.98,1045.98,20.19,20.32
139200,903.00,1046.00,20.20,20.32
139320,903.22,1046.12,20.22,20.34
139440,903.28,1046.18,20.23,20.34
139560,902.76,1046.12,20.25,20.36
139680,902.24,1046.12,20.26,20.36
139800,902.24,1046.24,20.27,20.36
139920,902.10,1046.30,20.27,20.36
140040,902.32,1046.46,20.29,20.38
140160,902.38,1046.44,20.28,20.38
140280,902.44,1046.40,20.30,20.41
140400,902.56,1046.60,20.32,20.43
140520,902.70,1046.78,20.37,20.47
140640,903.04,1046.74,20.41,20.50
140760,903.10,1046.98,20.44,20.53
140880,903.36,1047.04,20.46,20.55
141000,903.42,1047.24,20.48,20.57
141120,903.68,1047.28,20.50,20.59
141240,903.68,1047.38,20.52,20.62
141360,903.78,1047.44,20.52,20.63
141480,903.84,1047.44,20.53,20.64
141600,904.00,1047.62,20.55,20.65
141720,904.14,1047.62,20.58,20.68
141840,903.90,1047.70,20.59,20.69
141960,902.74,1047.64,20.59,20.69
142080,902.86,1047.74,20.59,20.69
142200,902.88,1047.78,20.61,20.71
142320,903.00,1047.84,20.64,20.73
142440,902.88,1047.94,20.64,20.74
142560,903.04,1048.16,20.66,20.76
142680,903.26,1048.18,20.69,20.79
142800,903.22,1048.16,20.68,20.78
142920,903.32,1048.02,20.67,20.77
143040,903.42,1048.20,20.68,20.79
143160,903.46,1048.16,20.69,20.80
143280,903.38,1048.16,20.66,20.76
143400,903.36,1048.38,20.67,20.77
143520,903.44,1048.32,20.71,20.81
143640,903.44,1048.28,20.72,20.83
143760,903.54,1048.50,20.69,20.80
143880,903.54,1048.38,20.69,20.80
144000,903.58,1048.48,20.71,20.82
144120,903.82,1048.50,20.72,20.83
144240,903.96,1048.34,20.71,20.83
144360,903.94,1048.42,20.72,20.83
144480,903.92,1048.36,20.72,20.82
144600,903.98,1048.34,20.72,20.82
144720,904.02,1048.24,20.71,20.81
144840,903.98,1048.28,20.71,20.82
144960,904.28,1048.52,20.73,20.85
145080,904.26,1048.48,20.75,20.85
145200,903.96,1048.50,20.74,20.84
145320,904.12,1048.58,20.74,20.84
145440,904.18,1048.58,20.75,20.85
145560,902.90,1048.48,20.74,20.85
145680,902.66,1048.52,20.72,20.83
145800,902.70,1048.44,20.69,20.80
145920,902.92,1048.32,20.71,20.83
146040,902.94,1048.24,20.72,20.84
146160,903.16,1048.60,20.73,20.88
146280,903.08,1048.60,20.74,20.89
146400,903.08,1048.62,20.76,20.90
146520,903.08,1048.82,20.76,20.89
146640,902.96,1048.58,20.73,20.86
146760,902.74,1048.46,20.70,20.83
146880,903.30,1048.80,20.74,20.87
147000,903.16,1048.76,20.75,20.88
147120,903.10,1048.62,20.75,20.89
147240,903.08,1048.74,20.74,20.89
147360,903.30,1048.88,20.77,20.91
147480,903.46,1048.96,20.83,20.95
147600,903.70,1048.98,20.86,20.99
147720,903.78,1049.10,20.88,21.00
147840,903.94,1049.48,20.90,21.03
147960,904.12,1049.38,20.92,21.05
148080,903.68,1049.58,20.96,21.07
148200,903.00,1049.44,20.92,21.03
148320,903.00,1049.52,20.95,21.07
148440,903.10,1049.86,20.97,21.11
148560,903.18,1049.90,20.99,21.13
148680,903.38,1050.04,21.01,21.15
148800,903.26,1049.96,20.98,21.13
148920,902.78,1049.64,20.92,21.07
149040,902.84,1049.62,20.90,21.06
149160,902.88,1049.62,20.90,21.04
149280,902.84,1049.62,20.88,21.02
149400,902.72,1049.50,20.87,21.01
149520,902.66,1049.34,20.85,20.99
149640,902.56,1049.06,20.83,20.97
149760,902.70,1049.12,20.82,20.97
149880,902.74,1049.14,20.82,20.95
150000,902.60,1049.06,20.82,20.96
150120,902.70,1049.08,20.82,20.95
150240,902.58,1048.58,20.80,20.92
150360,902.72,1048.72,20.79,20.91
150480,902.74,1048.92,20.80,20.93
150600,902.68,1048.80,20.79,20.92
150720,902.50,1048.86,20.79,20.93
150840,902.56,1048.92,20.79,20.93
150960,902.56,1049.18,20.82,20.96
151080,902.88,1049.22,20.84,20.98
151200,902.84,1049.36,20.85,20.97
151320,902.86,1049.22,20.87,21.00
151440,902.08,1049.66,20.95,21.06
151560,902.06,1049.70,20.97,21.08
151680,902.42,1050.04,20.98,21.10
151800,902.44,1050.08,21.03,21.14
151920,902.64,1050.10,21.06,21.18
152040,902.66,1050.16,21.05,21.17
152160,902.62,1050.10,21.02,21.15
152280,902.30,1049.88,20.99,21.13
152400,902.24,1049.90,20.96,21.11
152520,902.22,1050.08,20.96,21.12
152640,902.02,1049.86,20.95,21.10
152760,902.24,1049.94,20.97,21.12
152880,902.28,1049.90,20.95,21.10
153000,902.08,1049.58,20.94,21.08
153120,902.02,1049.46,20.92,21.06
153240,902.12,1049.62,20.92,21.08
153360,902.36,1049.82,20.94,21.10
153480,902.58,1049.76,20.97,21.12
153600,902.70,1049.84,20.99,21.14
153720,902.76,1049.74,21.00,21.14
153840,902.70,1049.84,21.00,21.14
153960,902.70,1049.82,20.99,21.13
154080,902.72,1049.88,21.01,21.15
154200,902.66,1049.96,21.01,21.14
154320,903.08,1049.88,21.03,21.17
154440,903.08,1050.00,21.04,21.19
154560,902.84,1050.06,21.02,21.16
154680,902.84,1049.98,21.01,21.16
154800,902.92,1049.90,20.99,21.14
154920,902.88,1049.82,20.95,21.11
155040,901.96,1049.92,20.95,21.10
155160,901.38,1049.80,20.93,21.08
155280,901.36,1049.54,20.90,21.04
155400,901.32,1049.48,20.91,21.04
155520,901.56,1049.80,20.96,21.09
155640,901.64,1049.82,20.97,21.10
155760,901.66,1049.68,20.98,21.10
155880,901.60,1049.70,20.99,21.11
156000,901.76,1049.76,21.02,21.14
156120,902.00,1050.08,21.04,21.16
156240,902.14,1050.14,21.08,21.22
156360,902.24,1050.16,21.10,21.22
156480,902.20,1050.36,21.13,21.25
156600,902.32,1050.22,21.13,21.25
